[
  {
    "id": 1,
    "name": "John Doe",
    "age": 25,
    "email": "john.doe@example.com"
  },
  {
    "id": 2,
    "name": "Jane Smith",
    "age": 30,
    "email": "jane.smith@example.com"
  },
  {
    "id": 3,
    "name": "Alice Johnson",
    "age": 28,
    "email": "alice.johnson@example.com"
  },
  {
    "id": 4,
    "name": "Bob Williams",
    "age": 22,
    "email": "bob.williams@example.com"
  },
  {
    "id": 5,
    "name": "Charlie Brown",
    "age": 27,
    "email": "charlie.brown@example.com"
  },
  {
    "id": 6,
    "name": "Emily Davis",
    "age": 35,
    "email": "emily.davis@example.com"
  },
  {
    "id": 7,
    "name": "Daniel White",
    "age": 31,
    "email": "daniel.white@example.com"
  },
  {
    "id": 8,
    "name": "Sophia Taylor",
    "age": 24,
    "email": "sophia.taylor@example.com"
  },
  {
    "id": 9,
    "name": "Michael Brown",
    "age": 33,
    "email": "michael.brown@example.com"
  },
  {
    "id": 10,
    "name": "Olivia Thomas",
    "age": 26,
    "email": "olivia.thomas@example.com"
  },
  {
    "id": 11,
    "name": "Liam Harris",
    "age": 29,
    "email": "liam.harris@example.com"
  },
  {
    "id": 12,
    "name": "Isabella Martin",
    "age": 21,
    "email": "isabella.martin@example.com"
  },
  {
    "id": 13,
    "name": "Ethan Lee",
    "age": 34,
    "email": "ethan.lee@example.com"
  },
  {
    "id": 14,
    "name": "Ava Garcia",
    "age": 32,
    "email": "ava.garcia@example.com"
  },
  {
    "id": 15,
    "name": "Mason Clark",
    "age": 23,
    "email": "mason.clark@example.com"
  },
  {
    "id": 16,
    "name": "Sophia Lewis",
    "age": 27,
    "email": "sophia.lewis@example.com"
  },
  {
    "id": 17,
    "name": "Benjamin Hall",
    "age": 36,
    "email": "benjamin.hall@example.com"
  },
  {
    "id": 18,
    "name": "Charlotte King",
    "age": 28,
    "email": "charlotte.king@example.com"
  },
  {
    "id": 19,
    "name": "James Allen",
    "age": 40,
    "email": "james.allen@example.com"
  },
  {
    "id": 20,
    "name": "Ella Wright",
    "age": 22,
    "email": "ella.wright@example.com"
  }
]
